"first_name";"last_name";"email";"created_at";"updated_at"
"Jeanie";"Bashirian";"Skye.Grant@astrid.tv";"2017-04-20 12:23:08";"2017-04-20 12:23:22"
"Vallie";"Zemlak";"Wilfrid.Franecki@ellis.ca";"2017-04-20 12:23:08";"2017-04-20 12:23:22"
"Marina";"Simonis";"Zella.Swift@hosea.co.uk";"2017-04-20 12:23:08";"2017-04-20 12:23:22"
"Kaycee";"Simonis";"Mozell_Howell@claudine.net";"2017-04-20 12:23:08";"2017-04-20 12:23:22"
"Keyshawn";"Kiehn";"Royal.Wintheiser@cristian.biz";"2017-04-20 12:23:08";"2017-04-20 12:23:22"
"Daren";"Green";"Shanon@izaiah.name";"2017-04-20 12:23:08";"2017-04-20 12:23:22"
"Candelario";"Satterfield";"Kristoffer_Schmitt@ryleigh.org";"2017-04-20 12:23:08";"2017-04-20 12:23:22"
"Wilfredo";"Quigley";"Mavis@okey.tv";"2017-04-20 12:23:08";"2017-04-20 12:23:22"
"Samir";"Halvorson";"Gretchen_Kuhn@tanner.ca";"2017-04-20 12:23:08";"2017-04-20 12:23:22"
"Caitlyn";"Crist";"Gerson@lilla.me";"2017-04-20 12:23:08";"2017-04-20 12:23:22"
"Cydney";"Stiedemann";"Maurine_Toy@era.com";"2017-04-20 12:23:08";"2017-04-20 12:23:22"
"Adalberto";"Pfannerstill";"Hester_Murazik@jarrod.info";"2017-04-20 12:23:08";"2017-04-20 12:23:22"
"Suzanne";"Ward";"Noel@nathanael.ca";"2017-04-20 12:23:08";"2017-04-20 12:23:22"
"Samson";"Block";"Kyle.Franecki@kadin.ca";"2017-04-20 12:23:08";"2017-04-20 12:23:22"
"Burdette";"Carroll";"Troy.Rogahn@lonny.tv";"2017-04-20 12:23:08";"2017-04-20 12:23:22"
"Garfield";"Roberts";"Brown.Leuschke@koby.ca";"2017-04-20 12:23:08";"2017-04-20 12:23:22"
"Cheyanne";"Lowe";"Margaretta@marcelina.biz";"2017-04-20 12:23:08";"2017-04-20 12:23:22"
"Javonte";"O'Keefe";"Keith.Crist@carroll.name";"2017-04-20 12:23:08";"2017-04-20 12:23:22"
"Deion";"Cummings";"Mafalda@wava.name";"2017-04-20 12:23:08";"2017-04-20 12:23:22"
"Grover";"Wehner";"Dominic@jermey.info";"2017-04-20 12:23:08";"2017-04-20 12:23:22"
"Marcia";"Effertz";"Zoe_Mayert@annie.tv";"2017-04-20 12:23:08";"2017-04-20 12:23:22"
"Zoila";"Satterfield";"Rowan@lola.com";"2017-04-20 12:23:08";"2017-04-20 12:23:22"
"Tyshawn";"Farrell";"Anissa@fiona.tv";"2017-04-20 12:23:08";"2017-04-20 12:23:22"
"Margaretta";"Reichel";"Danielle@marianne.net";"2017-04-20 12:23:08";"2017-04-20 12:23:22"
"Dina";"Rutherford";"Camilla@sophia.biz";"2017-04-20 12:23:08";"2017-04-20 12:23:22"
